-- MySQL dump 10.13  Distrib 8.0.34, for Linux (x86_64)
--
-- Host: localhost    Database: hbnb_dev_db
-- ------------------------------------------------------
-- Server version	8.0.34-0ubuntu0.20.04.1

/*!40101 SET @OLD_CHARACTER_SET_CLIENT=@@CHARACTER_SET_CLIENT */;
/*!40101 SET @OLD_CHARACTER_SET_RESULTS=@@CHARACTER_SET_RESULTS */;
/*!40101 SET @OLD_COLLATION_CONNECTION=@@COLLATION_CONNECTION */;
/*!50503 SET NAMES utf8mb4 */;
/*!40103 SET @OLD_TIME_ZONE=@@TIME_ZONE */;
/*!40103 SET TIME_ZONE='+00:00' */;
/*!40014 SET @OLD_UNIQUE_CHECKS=@@UNIQUE_CHECKS, UNIQUE_CHECKS=0 */;
/*!40014 SET @OLD_FOREIGN_KEY_CHECKS=@@FOREIGN_KEY_CHECKS, FOREIGN_KEY_CHECKS=0 */;
/*!40101 SET @OLD_SQL_MODE=@@SQL_MODE, SQL_MODE='NO_AUTO_VALUE_ON_ZERO' */;
/*!40111 SET @OLD_SQL_NOTES=@@SQL_NOTES, SQL_NOTES=0 */;

--
-- Table structure for table `amenities`
--

DROP TABLE IF EXISTS `amenities`;
/*!40101 SET @saved_cs_client     = @@character_set_client */;
/*!50503 SET character_set_client = utf8mb4 */;
CREATE TABLE `amenities` (
  `id` varchar(60) NOT NULL,
  `created_at` datetime NOT NULL DEFAULT CURRENT_TIMESTAMP,
  `updated_at` datetime NOT NULL DEFAULT CURRENT_TIMESTAMP,
  `name` varchar(128) NOT NULL,
  PRIMARY KEY (`id`)
) ENGINE=InnoDB DEFAULT CHARSET=utf8mb4 COLLATE=utf8mb4_0900_ai_ci;
/*!40101 SET character_set_client = @saved_cs_client */;

--
-- Dumping data for table `amenities`
--

LOCK TABLES `amenities` WRITE;
/*!40000 ALTER TABLE `amenities` DISABLE KEYS */;
INSERT INTO `amenities` VALUES ('17069dd0-e1f9-451e-a39b-534a4649ce98','2023-10-30 15:52:03','2023-10-30 15:52:03','Hot Tub'),('821a55f4-7d82-47d9-b54c-a76916479551','2017-03-25 19:44:42','2023-10-30 15:56:59','Wifi'),('821a55f4-7d82-47d9-b54c-a76916479552','2017-03-25 19:44:42','2017-03-25 19:44:42','Pets friendly'),('821a55f4-7d82-47d9-b54c-a76916479553','2017-03-25 19:44:42','2017-03-25 19:44:42','Elevator in building'),('821a55f4-7d82-47d9-b54c-a76916479554','2017-03-25 19:44:42','2017-03-25 19:44:42','Doorman'),('821a55f4-7d82-47d9-b54c-a76916479555','2017-03-25 19:44:42','2017-03-25 19:44:42','Cable TV'),('821a55f4-7d82-47d9-b54c-a76916479556','2017-03-25 19:44:42','2017-03-25 19:44:42','Dryer'),('821a55f4-7d82-47d9-b54c-a76916479557','2017-03-25 19:44:42','2017-03-25 19:44:42','Hair dryer'),('821a55f4-7d82-47d9-b54c-a76916479558','2017-03-25 19:44:42','2017-03-25 19:44:42','Iron'),('821a55f4-7d82-47d9-b54c-a76916479559','2017-03-25 19:44:42','2017-03-25 19:44:42','Washer'),('821a55f4-7d82-47d9-b54c-a76916479560','2017-03-25 19:44:42','2017-03-25 19:44:42','Laundry room'),('821a55f4-7d82-47d9-b54c-a76916479561','2017-03-25 19:44:42','2017-03-25 19:44:42','Air conditioning'),('821a55f4-7d82-47d9-b54c-a76916479563','2017-03-25 19:44:42','2017-03-25 19:44:42','Smoking allowed');
/*!40000 ALTER TABLE `amenities` ENABLE KEYS */;
UNLOCK TABLES;

--
-- Table structure for table `cities`
--

DROP TABLE IF EXISTS `cities`;
/*!40101 SET @saved_cs_client     = @@character_set_client */;
/*!50503 SET character_set_client = utf8mb4 */;
CREATE TABLE `cities` (
  `id` varchar(60) NOT NULL,
  `created_at` datetime NOT NULL DEFAULT CURRENT_TIMESTAMP,
  `updated_at` datetime NOT NULL DEFAULT CURRENT_TIMESTAMP,
  `name` varchar(128) NOT NULL,
  `state_id` varchar(60) NOT NULL,
  PRIMARY KEY (`id`),
  KEY `state_id` (`state_id`),
  CONSTRAINT `cities_ibfk_1` FOREIGN KEY (`state_id`) REFERENCES `states` (`id`)
) ENGINE=InnoDB DEFAULT CHARSET=utf8mb4 COLLATE=utf8mb4_0900_ai_ci;
/*!40101 SET character_set_client = @saved_cs_client */;

--
-- Dumping data for table `cities`
--

LOCK TABLES `cities` WRITE;
/*!40000 ALTER TABLE `cities` DISABLE KEYS */;
INSERT INTO `cities` VALUES ('376bd57f-2e33-4e27-956f-ee731f2eb826','2023-10-30 14:03:07','2023-10-30 14:06:52','Bossier City','421a55f4-7d82-47d9-b54c-a76916479545'),('521a55f4-7d82-47d9-b54c-a76916479545','2017-03-25 19:44:42','2017-03-25 19:44:42','Akron','421a55f4-7d82-47d9-b54c-a76916479545'),('521a55f4-7d82-47d9-b54c-a76916479546','2017-03-25 19:44:42','2017-03-25 19:44:42','Douglas','421a55f4-7d82-47d9-b54c-a76916479546'),('521a55f4-7d82-47d9-b54c-a76916479547','2017-03-25 19:44:42','2017-03-25 19:44:42','San Francisco','421a55f4-7d82-47d9-b54c-a76916479547'),('521a55f4-7d82-47d9-b54c-a76916479548','2017-03-25 19:44:42','2017-03-25 19:44:42','Denver','421a55f4-7d82-47d9-b54c-a76916479548'),('521a55f4-7d82-47d9-b54c-a76916479549','2017-03-25 19:44:42','2017-03-25 19:44:42','Miami','421a55f4-7d82-47d9-b54c-a76916479549'),('521a55f4-7d82-47d9-b54c-a76916479551','2017-03-25 19:44:42','2017-03-25 19:44:42','Honolulu','421a55f4-7d82-47d9-b54c-a76916479551'),('521a55f4-7d82-47d9-b54c-a76916479552','2017-03-25 19:44:42','2017-03-25 19:44:42','Chicago','421a55f4-7d82-47d9-b54c-a76916479552'),('521a55f4-7d82-47d9-b54c-a76916479554','2017-03-25 19:44:42','2017-03-25 19:44:42','New Orleans','421a55f4-7d82-47d9-b54c-a76916479554'),('531a55f4-7d82-47d9-b54c-a76916479545','2017-03-25 19:44:42','2017-03-25 19:44:42','Babbie','421a55f4-7d82-47d9-b54c-a76916479545'),('531a55f4-7d82-47d9-b54c-a76916479546','2017-03-25 19:44:42','2017-03-25 19:44:42','Kearny','421a55f4-7d82-47d9-b54c-a76916479546'),('531a55f4-7d82-47d9-b54c-a76916479547','2017-03-25 19:44:42','2017-03-25 19:44:42','San Jose','421a55f4-7d82-47d9-b54c-a76916479547'),('531a55f4-7d82-47d9-b54c-a76916479549','2017-03-25 19:44:42','2017-03-25 19:44:42','Orlando','421a55f4-7d82-47d9-b54c-a76916479549'),('531a55f4-7d82-47d9-b54c-a76916479551','2017-03-25 19:44:42','2017-03-25 19:44:42','Kailua','421a55f4-7d82-47d9-b54c-a76916479551'),('531a55f4-7d82-47d9-b54c-a76916479552','2017-03-25 19:44:42','2017-03-25 19:44:42','Peoria','421a55f4-7d82-47d9-b54c-a76916479552'),('541a55f4-7d82-47d9-b54c-a76916479545','2017-03-25 19:44:42','2017-03-25 19:44:42','Calera','421a55f4-7d82-47d9-b54c-a76916479545'),('541a55f4-7d82-47d9-b54c-a76916479546','2017-03-25 19:44:42','2017-03-25 19:44:42','Tempe','421a55f4-7d82-47d9-b54c-a76916479546'),('541a55f4-7d82-47d9-b54c-a76916479547','2017-03-25 19:44:42','2017-03-25 19:44:42','Fremont','421a55f4-7d82-47d9-b54c-a76916479547'),('541a55f4-7d82-47d9-b54c-a76916479551','2017-03-25 19:44:42','2017-03-25 19:44:42','Pearl city','421a55f4-7d82-47d9-b54c-a76916479551'),('541a55f4-7d82-47d9-b54c-a76916479552','2017-03-25 19:44:42','2017-03-25 19:44:42','Naperville','421a55f4-7d82-47d9-b54c-a76916479552'),('541a55f4-7d82-47d9-b54c-a76916479554','2017-03-25 19:44:42','2017-03-25 19:44:42','Lafayette','421a55f4-7d82-47d9-b54c-a76916479554'),('551a55f4-7d82-47d9-b54c-a76916479545','2017-03-25 19:44:42','2017-03-25 19:44:42','Fairfield','421a55f4-7d82-47d9-b54c-a76916479545'),('551a55f4-7d82-47d9-b54c-a76916479547','2017-03-25 19:44:42','2017-03-25 19:44:42','Napa','421a55f4-7d82-47d9-b54c-a76916479547'),('551a55f4-7d82-47d9-b54c-a76916479552','2017-03-25 19:44:42','2017-03-25 19:44:42','Urbana','421a55f4-7d82-47d9-b54c-a76916479552'),('561a55f4-7d82-47d9-b54c-a76916479547','2017-03-25 19:44:42','2017-03-25 19:44:42','Sonoma','421a55f4-7d82-47d9-b54c-a76916479547'),('561a55f4-7d82-47d9-b54c-a76916479552','2017-03-25 19:44:42','2017-03-25 19:44:42','Joliet','421a55f4-7d82-47d9-b54c-a76916479552'),('b4754da8-570b-4c47-a9b2-e2b6767236c0','2023-10-30 14:21:22','2023-10-30 14:24:11','Sina','421a55f4-7d82-47d9-b54c-a76916479548');
/*!40000 ALTER TABLE `cities` ENABLE KEYS */;
UNLOCK TABLES;

--
-- Table structure for table `place_amenity`
--

DROP TABLE IF EXISTS `place_amenity`;
/*!40101 SET @saved_cs_client     = @@character_set_client */;
/*!50503 SET character_set_client = utf8mb4 */;
CREATE TABLE `place_amenity` (
  `place_id` varchar(60) NOT NULL,
  `amenity_id` varchar(60) NOT NULL,
  PRIMARY KEY (`place_id`,`amenity_id`),
  KEY `amenity_id` (`amenity_id`),
  CONSTRAINT `place_amenity_ibfk_1` FOREIGN KEY (`place_id`) REFERENCES `places` (`id`),
  CONSTRAINT `place_amenity_ibfk_2` FOREIGN KEY (`amenity_id`) REFERENCES `amenities` (`id`)
) ENGINE=InnoDB DEFAULT CHARSET=utf8mb4 COLLATE=utf8mb4_0900_ai_ci;
/*!40101 SET character_set_client = @saved_cs_client */;

--
-- Dumping data for table `place_amenity`
--

LOCK TABLES `place_amenity` WRITE;
/*!40000 ALTER TABLE `place_amenity` DISABLE KEYS */;
/*!40000 ALTER TABLE `place_amenity` ENABLE KEYS */;
UNLOCK TABLES;

--
-- Table structure for table `places`
--

DROP TABLE IF EXISTS `places`;
/*!40101 SET @saved_cs_client     = @@character_set_client */;
/*!50503 SET character_set_client = utf8mb4 */;
CREATE TABLE `places` (
  `city_id` varchar(60) NOT NULL,
  `user_id` varchar(60) NOT NULL,
  `name` varchar(128) NOT NULL,
  `description` varchar(1024) DEFAULT NULL,
  `number_rooms` int NOT NULL,
  `number_bathrooms` int NOT NULL,
  `max_guest` int NOT NULL,
  `price_by_night` int NOT NULL,
  `latitude` float DEFAULT NULL,
  `longitude` float DEFAULT NULL,
  `id` varchar(60) NOT NULL,
  `created_at` datetime NOT NULL,
  `updated_at` datetime NOT NULL,
  PRIMARY KEY (`id`),
  KEY `city_id` (`city_id`),
  KEY `user_id` (`user_id`),
  CONSTRAINT `places_ibfk_1` FOREIGN KEY (`city_id`) REFERENCES `cities` (`id`),
  CONSTRAINT `places_ibfk_2` FOREIGN KEY (`user_id`) REFERENCES `users` (`id`)
) ENGINE=InnoDB DEFAULT CHARSET=utf8mb4 COLLATE=utf8mb4_0900_ai_ci;
/*!40101 SET character_set_client = @saved_cs_client */;

--
-- Dumping data for table `places`
--

LOCK TABLES `places` WRITE;
/*!40000 ALTER TABLE `places` DISABLE KEYS */;
INSERT INTO `places` VALUES ('376bd57f-2e33-4e27-956f-ee731f2eb826','188ee4c4-528a-45a3-a01d-33cbec5776df','Blue',NULL,8,2,0,0,NULL,NULL,'2965bd35-2d03-48d4-a805-2259354e0262','2023-10-30 19:08:58','2023-10-30 19:08:58'),('376bd57f-2e33-4e27-956f-ee731f2eb826','188ee4c4-528a-45a3-a01d-33cbec5776df','Awesome',NULL,0,0,0,0,NULL,NULL,'33d8f2bd-a6b3-40c6-8c98-9002a542e59f','2023-10-30 19:07:34','2023-10-30 19:07:34'),('376bd57f-2e33-4e27-956f-ee731f2eb826','188ee4c4-528a-45a3-a01d-33cbec5776df','Cool',NULL,0,0,0,0,NULL,NULL,'4af3a572-1caf-4b1a-b052-05f0e432b5fa','2023-10-30 19:07:16','2023-10-30 19:07:16'),('376bd57f-2e33-4e27-956f-ee731f2eb826','188ee4c4-528a-45a3-a01d-33cbec5776df','Big',NULL,0,0,0,0,NULL,NULL,'4cfbf53e-0105-4f54-98df-734c2956e87b','2023-10-30 19:07:53','2023-10-30 19:07:53'),('376bd57f-2e33-4e27-956f-ee731f2eb826','188ee4c4-528a-45a3-a01d-33cbec5776df','Orange',NULL,7,3,30,0,NULL,NULL,'66697f32-f3d6-4daa-b143-b2414e3f9b2c','2023-10-30 19:10:04','2023-10-30 19:10:04'),('376bd57f-2e33-4e27-956f-ee731f2eb826','188ee4c4-528a-45a3-a01d-33cbec5776df','Red',NULL,8,0,0,0,NULL,NULL,'71576523-455a-4620-8e69-b6d5ffd57631','2023-10-30 19:08:43','2023-10-30 19:08:43'),('376bd57f-2e33-4e27-956f-ee731f2eb826','188ee4c4-528a-45a3-a01d-33cbec5776df','Green',NULL,5,0,0,0,NULL,NULL,'9f646dd3-4e6f-4b6e-9141-089d7765a2c2','2023-10-30 19:08:19','2023-10-30 19:08:19'),('376bd57f-2e33-4e27-956f-ee731f2eb826','188ee4c4-528a-45a3-a01d-33cbec5776df','Yellow',NULL,6,3,20,0,NULL,NULL,'c2eb504b-9ca3-44ed-ac0d-72c1f6db8f12','2023-10-30 19:09:18','2023-10-30 19:09:18'),('376bd57f-2e33-4e27-956f-ee731f2eb826','188ee4c4-528a-45a3-a01d-33cbec5776df','Huge',NULL,0,0,0,0,NULL,NULL,'fdd792de-c560-4f91-8e3a-058f0b91691d','2023-10-30 19:07:51','2023-10-30 19:07:51');
/*!40000 ALTER TABLE `places` ENABLE KEYS */;
UNLOCK TABLES;

--
-- Table structure for table `reviews`
--

DROP TABLE IF EXISTS `reviews`;
/*!40101 SET @saved_cs_client     = @@character_set_client */;
/*!50503 SET character_set_client = utf8mb4 */;
CREATE TABLE `reviews` (
  `text` varchar(1024) NOT NULL,
  `place_id` varchar(60) NOT NULL,
  `user_id` varchar(60) NOT NULL,
  `id` varchar(60) NOT NULL,
  `created_at` datetime NOT NULL,
  `updated_at` datetime NOT NULL,
  PRIMARY KEY (`id`),
  KEY `place_id` (`place_id`),
  KEY `user_id` (`user_id`),
  CONSTRAINT `reviews_ibfk_1` FOREIGN KEY (`place_id`) REFERENCES `places` (`id`),
  CONSTRAINT `reviews_ibfk_2` FOREIGN KEY (`user_id`) REFERENCES `users` (`id`)
) ENGINE=InnoDB DEFAULT CHARSET=utf8mb4 COLLATE=utf8mb4_0900_ai_ci;
/*!40101 SET character_set_client = @saved_cs_client */;

--
-- Dumping data for table `reviews`
--

LOCK TABLES `reviews` WRITE;
/*!40000 ALTER TABLE `reviews` DISABLE KEYS */;
/*!40000 ALTER TABLE `reviews` ENABLE KEYS */;
UNLOCK TABLES;

--
-- Table structure for table `states`
--

DROP TABLE IF EXISTS `states`;
/*!40101 SET @saved_cs_client     = @@character_set_client */;
/*!50503 SET character_set_client = utf8mb4 */;
CREATE TABLE `states` (
  `id` varchar(60) NOT NULL,
  `created_at` datetime NOT NULL DEFAULT CURRENT_TIMESTAMP,
  `updated_at` datetime NOT NULL DEFAULT CURRENT_TIMESTAMP,
  `name` varchar(128) NOT NULL,
  PRIMARY KEY (`id`)
) ENGINE=InnoDB DEFAULT CHARSET=utf8mb4 COLLATE=utf8mb4_0900_ai_ci;
/*!40101 SET character_set_client = @saved_cs_client */;

--
-- Dumping data for table `states`
--

LOCK TABLES `states` WRITE;
/*!40000 ALTER TABLE `states` DISABLE KEYS */;
INSERT INTO `states` VALUES ('421a55f4-7d82-47d9-b54c-a76916479545','2017-03-25 19:44:42','2017-03-25 19:44:42','Alabama'),('421a55f4-7d82-47d9-b54c-a76916479546','2017-03-25 19:44:42','2017-03-25 19:44:42','Arizona'),('421a55f4-7d82-47d9-b54c-a76916479547','2017-03-25 19:44:42','2017-03-25 19:44:42','California'),('421a55f4-7d82-47d9-b54c-a76916479548','2017-03-25 19:44:42','2017-03-25 19:44:42','Colorado'),('421a55f4-7d82-47d9-b54c-a76916479549','2017-03-25 19:44:42','2017-03-25 19:44:42','Florida'),('421a55f4-7d82-47d9-b54c-a76916479550','2017-03-25 19:44:42','2017-03-25 19:44:42','Georgia'),('421a55f4-7d82-47d9-b54c-a76916479551','2017-03-25 19:44:42','2017-03-25 19:44:42','Hawaii'),('421a55f4-7d82-47d9-b54c-a76916479552','2017-03-25 19:44:42','2017-03-25 19:44:42','Illinois'),('421a55f4-7d82-47d9-b54c-a76916479553','2017-03-25 19:44:42','2017-03-25 19:44:42','Indiana'),('421a55f4-7d82-47d9-b54c-a76916479554','2017-03-25 19:44:42','2017-03-25 19:44:42','Louisiana'),('421a55f4-7d82-47d9-b54c-a76916479555','2017-03-25 19:44:42','2017-03-25 19:44:42','Minnesota');
/*!40000 ALTER TABLE `states` ENABLE KEYS */;
UNLOCK TABLES;

--
-- Table structure for table `users`
--

DROP TABLE IF EXISTS `users`;
/*!40101 SET @saved_cs_client     = @@character_set_client */;
/*!50503 SET character_set_client = utf8mb4 */;
CREATE TABLE `users` (
  `email` varchar(128) NOT NULL,
  `password` varchar(128) NOT NULL,
  `first_name` varchar(128) DEFAULT NULL,
  `last_name` varchar(128) DEFAULT NULL,
  `id` varchar(60) NOT NULL,
  `created_at` datetime NOT NULL,
  `updated_at` datetime NOT NULL,
  PRIMARY KEY (`id`)
) ENGINE=InnoDB DEFAULT CHARSET=utf8mb4 COLLATE=utf8mb4_0900_ai_ci;
/*!40101 SET character_set_client = @saved_cs_client */;

--
-- Dumping data for table `users`
--

LOCK TABLES `users` WRITE;
/*!40000 ALTER TABLE `users` DISABLE KEYS */;
INSERT INTO `users` VALUES ('mo friday@yahoo.com','my pass512','Mostafa','Gomaa','188ee4c4-528a-45a3-a01d-33cbec5776df','2023-10-30 19:04:39','2023-10-30 19:04:39'),('mo ara@yahoo.com','mostafa Ara','Mostafa','Arahiem','1b62a467-98e9-43f3-9252-762bdcc7fc65','2023-10-30 19:04:59','2023-10-30 19:04:59'),('hello world@yahoo.com','password123','Mohammed','Gomaa','641afbfa-7c14-4f82-84ec-c1e6e9f59d8b','2023-10-30 19:04:21','2023-10-30 19:04:21'),('test@htmail.com','password123','Mohammed','Tharwat','6dc48c0c-3f10-4609-b533-852319d39b14','2023-10-30 19:03:17','2023-10-30 19:03:17'),('my mail@gmail.com','132password','Gamal','Hany','81714a5a-84f3-4ba3-9201-363d1a967ed5','2023-10-30 19:03:52','2023-10-30 19:03:52'),('test@yahoo.com','password123','Mohammed','Khalid','8db71f0a-8d2f-457d-b91d-8b85abaa0fb2','2023-10-30 19:03:00','2023-10-30 19:03:00'),('test@gmail.com','testpass','ahmed','ali','e82eb997-5847-4835-8dcd-f826d8b8e1f0','2023-10-30 19:02:30','2023-10-30 19:02:30');
/*!40000 ALTER TABLE `users` ENABLE KEYS */;
UNLOCK TABLES;
/*!40103 SET TIME_ZONE=@OLD_TIME_ZONE */;

/*!40101 SET SQL_MODE=@OLD_SQL_MODE */;
/*!40014 SET FOREIGN_KEY_CHECKS=@OLD_FOREIGN_KEY_CHECKS */;
/*!40014 SET UNIQUE_CHECKS=@OLD_UNIQUE_CHECKS */;
/*!40101 SET CHARACTER_SET_CLIENT=@OLD_CHARACTER_SET_CLIENT */;
/*!40101 SET CHARACTER_SET_RESULTS=@OLD_CHARACTER_SET_RESULTS */;
/*!40101 SET COLLATION_CONNECTION=@OLD_COLLATION_CONNECTION */;
/*!40111 SET SQL_NOTES=@OLD_SQL_NOTES */;

-- Dump completed on 2023-10-30 21:11:36
